{"Micro-F1": 0.9256198347107438, "Macro-F1": 0.9268504138913434}