{"Micro-F1": 0.9272727272727272, "Macro-F1": 0.9291049457477004}